{
  "Ansi 3 Color" : {
    "Red Component" : 0.84313725490196101,
    "Blue Component" : 0.12941176470599999,
    "Alpha Component" : 1,
    "Green Component" : 0.59999999999999998
  },
  "Tags" : [

  ],
  "Ansi 12 Color" : {
    "Red Component" : 0.51372549019607805,
    "Blue Component" : 0.59607843137299998,
    "Alpha Component" : 1,
    "Green Component" : 0.64705882352900002
  },
  "Ansi 7 Color" : {
    "Red Component" : 0.65882352941176503,
    "Blue Component" : 0.51764705882399997,
    "Alpha Component" : 1,
    "Green Component" : 0.59999999999999998
  },
  "Ansi 8 Color" : {
    "Red Component" : 0.57254901960784299,
    "Blue Component" : 0.45490196078400003,
    "Alpha Component" : 1,
    "Green Component" : 0.513725490196
  },
  "Bold Color" : {
    "Red Component" : 1,
    "Blue Component" : 1,
    "Alpha Component" : 1,
    "Green Component" : 1
  },
  "Ansi 9 Color" : {
    "Red Component" : 0.98431372549019602,
    "Blue Component" : 0.203921568627,
    "Alpha Component" : 1,
    "Green Component" : 0.28627450980399999
  },
  "Custom Directory" : "No",
  "Right Option Key Sends" : 0,
  "Rows" : 25,
  "Default Bookmark" : "No",
  "Cursor Guide Color" : {
    "Red Component" : 0.70214027166366577,
    "Color Space" : "sRGB",
    "Blue Component" : 1,
    "Alpha Component" : 0.25,
    "Green Component" : 0.92681378126144409
  },
  "Non-ASCII Anti Aliased" : true,
  "Use Bright Bold" : true,
  "Ansi 10 Color" : {
    "Red Component" : 0.72156862745098005,
    "Blue Component" : 0.149019607843,
    "Alpha Component" : 1,
    "Green Component" : 0.73333333333299999
  },
  "Ambiguous Double Width" : false,
  "Jobs to Ignore" : [
    "rlogin",
    "ssh",
    "slogin",
    "telnet"
  ],
  "Ansi 15 Color" : {
    "Red Component" : 0.98431372549019602,
    "Blue Component" : 0.78039215686300001,
    "Alpha Component" : 1,
    "Green Component" : 0.945098039216
  },
  "Foreground Color" : {
    "Red Component" : 0.92156862745098,
    "Blue Component" : 0.69803921568600003,
    "Alpha Component" : 1,
    "Green Component" : 0.85882352941200002
  },
  "Working Directory" : "\/Users\/tomsburgmanis",
  "Blinking Cursor" : false,
  "Disable Window Resizing" : true,
  "Sync Title" : false,
  "Prompt Before Closing 2" : false,
  "BM Growl" : false,
  "Command" : "",
  "Description" : "Default",
  "Mouse Reporting" : true,
  "Screen" : -1,
  "Selection Color" : {
    "Red Component" : 0.90061241388320923,
    "Color Space" : "Calibrated",
    "Blue Component" : 0.63873869180679321,
    "Alpha Component" : 1,
    "Green Component" : 0.82989895343780518
  },
  "Only The Default BG Color Uses Transparency" : false,
  "Columns" : 80,
  "Idle Code" : 0,
  "Ansi 13 Color" : {
    "Red Component" : 0.82745098039215703,
    "Blue Component" : 0.60784313725500005,
    "Alpha Component" : 1,
    "Green Component" : 0.52549019607799996
  },
  "Custom Command" : "No",
  "ASCII Anti Aliased" : true,
  "Non Ascii Font" : "Monaco 12",
  "Vertical Spacing" : 1,
  "Use Bold Font" : true,
  "Option Key Sends" : 0,
  "Selected Text Color" : {
    "Red Component" : 0.32501408457756042,
    "Color Space" : "Calibrated",
    "Blue Component" : 0.26041668653488159,
    "Alpha Component" : 1,
    "Green Component" : 0.2891082763671875
  },
  "Background Color" : {
    "Red Component" : 0.15686274509803921,
    "Color Space" : "P3",
    "Blue Component" : 0.15686274509803921,
    "Alpha Component" : 1,
    "Green Component" : 0.15686274509803921
  },
  "Character Encoding" : 4,
  "Ansi 11 Color" : {
    "Red Component" : 0.98039215686274495,
    "Blue Component" : 0.18431372549,
    "Alpha Component" : 1,
    "Green Component" : 0.74117647058799996
  },
  "Use Italic Font" : true,
  "Unlimited Scrollback" : true,
  "Keyboard Map" : {
    "0xf700-0x260000" : {
      "Text" : "[1;6A",
      "Action" : 10
    },
    "0x37-0x40000" : {
      "Text" : "0x1f",
      "Action" : 11
    },
    "0x32-0x40000" : {
      "Text" : "0x00",
      "Action" : 11
    },
    "0xf709-0x20000" : {
      "Text" : "[17;2~",
      "Action" : 10
    },
    "0xf70c-0x20000" : {
      "Text" : "[20;2~",
      "Action" : 10
    },
    "0xf729-0x20000" : {
      "Text" : "[1;2H",
      "Action" : 10
    },
    "0xf72b-0x40000" : {
      "Text" : "[1;5F",
      "Action" : 10
    },
    "0xf705-0x20000" : {
      "Text" : "[1;2Q",
      "Action" : 10
    },
    "0xf703-0x260000" : {
      "Text" : "[1;6C",
      "Action" : 10
    },
    "0xf700-0x220000" : {
      "Text" : "[1;2A",
      "Action" : 10
    },
    "0xf701-0x280000" : {
      "Text" : "0x1b 0x1b 0x5b 0x42",
      "Action" : 11
    },
    "0x38-0x40000" : {
      "Text" : "0x7f",
      "Action" : 11
    },
    "0x33-0x40000" : {
      "Text" : "0x1b",
      "Action" : 11
    },
    "0xf703-0x220000" : {
      "Text" : "[1;2C",
      "Action" : 10
    },
    "0xf701-0x240000" : {
      "Text" : "[1;5B",
      "Action" : 10
    },
    "0xf70d-0x20000" : {
      "Text" : "[21;2~",
      "Action" : 10
    },
    "0xf702-0x260000" : {
      "Text" : "[1;6D",
      "Action" : 10
    },
    "0xf729-0x40000" : {
      "Text" : "[1;5H",
      "Action" : 10
    },
    "0xf706-0x20000" : {
      "Text" : "[1;2R",
      "Action" : 10
    },
    "0x34-0x40000" : {
      "Text" : "0x1c",
      "Action" : 11
    },
    "0xf700-0x280000" : {
      "Text" : "0x1b 0x1b 0x5b 0x41",
      "Action" : 11
    },
    "0x2d-0x40000" : {
      "Text" : "0x1f",
      "Action" : 11
    },
    "0xf70e-0x20000" : {
      "Text" : "[23;2~",
      "Action" : 10
    },
    "0xf702-0x220000" : {
      "Text" : "[1;2D",
      "Action" : 10
    },
    "0xf703-0x280000" : {
      "Text" : "0x1b 0x1b 0x5b 0x43",
      "Action" : 11
    },
    "0xf700-0x240000" : {
      "Text" : "[1;5A",
      "Action" : 10
    },
    "0xf707-0x20000" : {
      "Text" : "[1;2S",
      "Action" : 10
    },
    "0xf70a-0x20000" : {
      "Text" : "[18;2~",
      "Action" : 10
    },
    "0x35-0x40000" : {
      "Text" : "0x1d",
      "Action" : 11
    },
    "0xf70f-0x20000" : {
      "Text" : "[24;2~",
      "Action" : 10
    },
    "0xf703-0x240000" : {
      "Text" : "[1;5C",
      "Action" : 10
    },
    "0xf701-0x260000" : {
      "Text" : "[1;6B",
      "Action" : 10
    },
    "0xf702-0x280000" : {
      "Text" : "0x1b 0x1b 0x5b 0x44",
      "Action" : 11
    },
    "0xf72b-0x20000" : {
      "Text" : "[1;2F",
      "Action" : 10
    },
    "0x36-0x40000" : {
      "Text" : "0x1e",
      "Action" : 11
    },
    "0xf708-0x20000" : {
      "Text" : "[15;2~",
      "Action" : 10
    },
    "0xf701-0x220000" : {
      "Text" : "[1;2B",
      "Action" : 10
    },
    "0xf70b-0x20000" : {
      "Text" : "[19;2~",
      "Action" : 10
    },
    "0xf702-0x240000" : {
      "Text" : "[1;5D",
      "Action" : 10
    },
    "0xf704-0x20000" : {
      "Text" : "[1;2P",
      "Action" : 10
    }
  },
  "Window Type" : 0,
  "Blur Radius" : 25.11099567819149,
  "Background Image Location" : "",
  "Blur" : true,
  "Badge Color" : {
    "Red Component" : 1,
    "Color Space" : "sRGB",
    "Blue Component" : 0,
    "Alpha Component" : 0.5,
    "Green Component" : 0.14910027384757996
  },
  "Scrollback Lines" : 0,
  "Send Code When Idle" : false,
  "Close Sessions On End" : true,
  "Terminal Type" : "xterm-256color",
  "Visual Bell" : true,
  "Flashing Bell" : false,
  "Silence Bell" : true,
  "Ansi 14 Color" : {
    "Red Component" : 0.55686274509803901,
    "Blue Component" : 0.486274509804,
    "Alpha Component" : 1,
    "Green Component" : 0.75294117647100001
  },
  "ASCII Ligatures" : true,
  "Name" : "Default",
  "Cursor Text Color" : {
    "Red Component" : 0.19607843137254899,
    "Blue Component" : 0.18431372549,
    "Alpha Component" : 1,
    "Green Component" : 0.188235294118
  },
  "Shortcut" : "",
  "Cursor Color" : {
    "Red Component" : 0.99607843137254903,
    "Blue Component" : 0.098039215686300002,
    "Alpha Component" : 1,
    "Green Component" : 0.50196078431400004
  },